Type,Name,Request Count,Failure Count,Median Response Time,Average Response Time,Min Response Time,Max Response Time,Average Content Size,Requests/s,Failures/s,50%,66%,75%,80%,90%,95%,98%,99%,99.9%,99.99%,100%
POST,/chat,11,0,180000.0,173455.18300372746,107627.28354200954,180069.90191698424,206.72727272727272,0.0371925260800437,0.0,180000,180000,180000,180000,180000,180000,180000,180000,180000,180000,180000
GET,/health,17,0,66,81.9131104131777,40.72658400400542,149.9374590057414,61.0,0.05747935848734025,0.0,66,95,100,100,150,150,150,150,150,150,150
GET,/metrics,8,8,3,5.274499879305949,2.5085830129683018,12.676874990575016,254.0,0.027049109876395413,0.027049109876395413,5,5,7,7,13,13,13,13,13,13,13
GET,/stats,3,3,3,2.8445416731604687,2.076083008432761,3.2821250206325203,451.0,0.010143416203648281,0.010143416203648281,3,3,3,3,3,3,3,3,3,3,3
,Aggregated,39,11,66,48960.2632190277,2.076083008432761,180069.90191698424,171.69230769230768,0.13186441064742765,0.0371925260800437,66,120,180000,180000,180000,180000,180000,180000,180000,180000,180000
